Day Index,Pageviews,Avg. Time on Page,Bounce Rate,Unique Pageviews
4/5/15,"4,981",0:03:31,79.67%,"4,174"
4/6/15,"6,133",0:03:11,78.75%,"5,102"
4/7/15,"5,868",0:03:30,79.85%,"4,985"
4/8/15,"5,572",0:03:24,80.83%,"4,754"
4/9/15,"5,581",0:03:08,80.53%,"4,714"
4/10/15,"4,506",0:03:21,79.98%,"3,767"
4/11/15,"3,641",0:03:05,77.36%,"3,066"
4/12/15,"4,014",0:03:20,79.31%,"3,421"
4/13/15,"5,491",0:03:51,79.39%,"4,651"
4/14/15,"5,479",0:03:40,80.22%,"4,620"
4/15/15,"5,494",0:03:23,80.02%,"4,589"
4/16/15,"4,999",0:03:18,80.84%,"4,284"
4/17/15,"5,639",0:03:17,80.60%,"4,859"
4/18/15,"4,153",0:02:57,77.61%,"3,509"
4/19/15,"4,357",0:03:09,78.45%,"3,690"
4/20/15,"5,832",0:03:08,79.75%,"4,989"
4/21/15,"5,341",0:03:26,80.21%,"4,521"
4/22/15,"5,376",0:03:08,80.11%,"4,550"
4/23/15,"5,265",0:03:30,80.56%,"4,576"
4/24/15,"4,518",0:03:23,79.94%,"3,823"
4/25/15,"4,149",0:03:06,78.09%,"3,351"
4/26/15,"4,832",0:02:31,79.07%,"3,642"
4/27/15,"7,512",0:03:19,80.62%,"6,326"
4/28/15,"6,298",0:03:33,79.14%,"5,406"
4/29/15,"6,775",0:02:53,78.01%,"5,497"
4/30/15,"5,991",0:02:48,79.80%,"4,788"
6/1/15,"5,801",0:03:24,79.60%,"4,933"
6/2/15,"6,104",0:03:35,78.42%,"5,162"
6/3/15,"9,019",0:03:18,86.99%,"8,016"
6/4/15,"6,065",0:03:47,81.42%,"5,192"
6/5/15,"5,026",0:03:39,78.98%,"4,222"
6/6/15,"3,389",0:03:40,78.46%,"2,855"
6/7/15,"4,390",0:03:34,80.21%,"3,816"
6/8/15,"6,332",0:03:30,81.92%,"5,480"
6/9/15,"6,351",0:03:18,80.57%,"5,447"
6/10/15,"5,934",0:03:29,80.46%,"4,994"
6/11/15,"6,085",0:03:29,80.89%,"5,171"
6/12/15,"5,595",0:03:28,79.05%,"4,706"
6/13/15,"4,261",0:03:18,75.80%,"3,484"
6/14/15,"4,958",0:03:00,76.20%,"4,188"
6/15/15,"6,589",0:03:21,78.57%,"5,597"
6/16/15,"6,493",0:03:25,78.78%,"5,503"
6/17/15,"7,101",0:03:26,80.90%,"6,024"
6/18/15,"6,604",0:03:13,79.65%,"5,583"
6/19/15,"6,461",0:03:17,82.31%,"5,603"
6/20/15,"4,422",0:03:16,81.47%,"3,751"
6/21/15,"4,722",0:03:15,80.05%,"4,073"
6/22/15,"8,610",0:03:13,83.84%,"7,613"
6/23/15,"6,845",0:03:22,81.25%,"5,957"
6/24/15,"6,628",0:03:21,79.64%,"5,691"
6/25/15,"7,677",0:03:29,82.43%,"6,699"
6/26/15,"5,542",0:03:17,81.17%,"4,767"
6/27/15,"5,019",0:03:25,81.20%,"4,294"
6/28/15,"4,750",0:03:21,78.99%,"3,978"
6/29/15,"7,458",0:03:35,81.91%,"6,481"
6/30/15,"6,766",0:03:28,80.53%,"5,852"
7/1/15,"5,951",0:03:33,80.14%,"5,105"
7/2/15,"6,575",0:03:18,80.50%,"5,658"
7/3/15,"5,207",0:03:27,79.66%,"4,444"
7/4/15,"3,683",0:03:35,77.44%,"3,073"
7/5/15,"4,205",0:03:30,78.63%,"3,591"
7/6/15,"6,171",0:03:41,79.98%,"5,210"
7/7/15,"6,453",0:03:39,80.30%,"5,480"
7/8/15,"7,175",0:03:06,80.60%,"6,057"
7/9/15,"6,536",0:03:15,80.94%,"5,631"
7/10/15,"5,387",0:03:31,80.26%,"4,653"
7/11/15,"4,632",0:02:50,78.37%,"3,571"
7/12/15,"4,237",0:03:35,79.01%,"3,639"
7/13/15,"6,503",0:03:26,81.09%,"5,618"
7/14/15,"6,355",0:03:19,80.00%,"5,397"
7/15/15,"6,024",0:03:36,80.62%,"5,204"
7/16/15,"5,995",0:03:21,79.63%,"5,102"
7/17/15,"5,010",0:02:57,80.27%,"4,315"
7/18/15,"3,683",0:03:26,78.27%,"3,110"
7/19/15,"4,163",0:03:22,78.96%,"3,508"
7/20/15,"6,263",0:03:23,79.84%,"5,387"
7/21/15,"6,550",0:03:14,79.58%,"5,582"
7/22/15,"8,034",0:03:17,82.39%,"6,987"
7/23/15,"7,455",0:03:38,82.83%,"6,531"
7/24/15,"6,178",0:03:23,81.84%,"5,309"
7/25/15,"3,876",0:03:37,80.95%,"3,310"
7/26/15,"4,512",0:03:16,79.76%,"3,852"
7/27/15,"6,732",0:03:26,80.48%,"5,792"
7/28/15,"6,356",0:03:29,80.97%,"5,492"
7/29/15,"6,061",0:04:15,80.24%,"5,202"
7/30/15,"5,698",0:03:23,80.56%,"4,845"
7/31/15,"5,860",0:03:20,79.37%,"4,874"
8/1/15,"3,827",0:04:05,78.54%,"3,178"
8/2/15,"4,358",0:03:23,79.54%,"3,718"
8/3/15,"6,408",0:03:29,80.84%,"5,489"
8/4/15,"6,065",0:03:35,80.89%,"5,207"
8/5/15,"6,047",0:03:21,80.33%,"5,171"
8/6/15,"5,768",0:03:54,79.92%,"4,915"
8/7/15,"4,883",0:03:40,79.39%,"4,145"
8/8/15,"3,617",0:03:31,78.16%,"3,044"
8/9/15,"4,219",0:03:17,78.13%,"3,632"
8/10/15,"6,523",0:03:29,77.80%,"5,539"
8/11/15,"5,975",0:03:26,79.53%,"5,192"
8/12/15,"5,924",0:03:29,80.20%,"5,046"
8/13/15,"5,924",0:03:31,79.13%,"5,072"
8/14/15,"4,866",0:03:39,81.00%,"4,077"
8/15/15,"3,520",0:03:03,78.49%,"2,971"
8/16/15,"4,176",0:03:09,78.16%,"3,530"
8/17/15,"5,762",0:03:35,79.25%,"4,915"
8/18/15,"5,840",0:03:17,80.69%,"5,047"
8/19/15,"5,584",0:03:34,80.08%,"4,822"
8/20/15,"5,620",0:03:42,80.10%,"4,833"
8/21/15,"4,856",0:03:13,78.49%,"4,142"
8/22/15,"3,663",0:03:31,77.50%,"3,111"
8/23/15,"4,170",0:03:47,77.15%,"3,496"
8/24/15,"5,946",0:03:26,79.96%,"5,086"
8/25/15,"5,988",0:03:26,80.48%,"5,155"
8/26/15,"5,795",0:03:39,79.46%,"4,925"
8/27/15,"5,591",0:03:25,80.20%,"4,766"
8/28/15,"4,793",0:03:31,80.15%,"4,107"
8/29/15,"3,511",0:03:28,78.05%,"2,945"
8/30/15,"4,212",0:03:21,78.22%,"3,618"
8/31/15,"6,004",0:03:25,80.44%,"5,130"
9/1/15,"6,127",0:03:36,80.74%,"5,238"
9/2/15,"6,022",0:03:45,79.94%,"5,182"
9/3/15,"5,938",0:03:18,80.25%,"5,058"
9/4/15,"4,913",0:03:37,79.85%,"4,219"
9/5/15,"3,915",0:03:22,77.29%,"3,243"
9/6/15,"4,786",0:03:16,79.42%,"3,971"
9/7/15,"6,007",0:03:17,79.60%,"5,092"
9/8/15,"7,522",0:03:24,83.10%,"6,624"
9/9/15,"6,549",0:03:28,80.86%,"5,633"
9/10/15,"6,419",0:03:12,81.36%,"5,495"
9/11/15,"5,146",0:03:31,81.00%,"4,485"
9/12/15,"3,947",0:03:35,80.25%,"3,373"
9/13/15,"4,493",0:03:42,80.25%,"3,849"
9/14/15,"6,412",0:03:40,80.83%,"5,494"
9/15/15,"6,394",0:03:32,80.60%,"5,473"
9/16/15,"6,358",0:03:32,80.82%,"5,451"
9/17/15,"6,111",0:03:15,79.68%,"5,214"
9/18/15,"5,123",0:03:49,80.63%,"4,422"
9/19/15,"3,903",0:03:24,78.87%,"3,305"
9/20/15,"4,168",0:03:15,79.63%,"3,580"
9/21/15,"7,022",0:03:20,81.74%,"6,077"
9/22/15,"7,430",0:03:19,78.93%,"6,329"
9/23/15,"6,435",0:03:32,79.76%,"5,546"
9/24/15,"6,200",0:03:21,80.90%,"5,342"
9/25/15,"5,374",0:03:29,79.99%,"4,584"
9/26/15,"3,828",0:03:46,77.77%,"3,293"
9/27/15,"4,306",0:03:27,79.11%,"3,686"
9/28/15,"6,345",0:03:52,80.44%,"5,461"
9/29/15,"6,202",0:03:30,81.03%,"5,371"
9/30/15,"5,999",0:03:32,79.17%,"5,141"
10/1/15,"5,852",0:03:24,79.64%,"4,948"
10/2/15,"5,046",0:03:47,79.82%,"4,286"
10/3/15,"3,759",0:03:48,79.30%,"3,202"
10/4/15,"4,254",0:03:23,80.59%,"3,622"
10/5/15,"6,376",0:03:40,80.07%,"5,420"
10/6/15,"6,713",0:03:15,80.77%,"5,736"
10/7/15,"5,932",0:03:43,82.09%,"5,216"
10/8/15,"6,097",0:03:38,81.03%,"5,256"
10/9/15,"5,454",0:03:34,81.11%,"4,727"
10/10/15,"3,816",0:03:55,78.36%,"3,323"
10/11/15,"4,514",0:03:30,79.06%,"3,819"
10/12/15,"6,075",0:03:45,80.22%,"5,281"
10/13/15,"6,265",0:03:31,80.16%,"5,388"
10/14/15,"6,151",0:03:47,80.97%,"5,318"
10/15/15,"6,088",0:03:15,81.32%,"5,270"
10/16/15,"5,431",0:03:36,79.96%,"4,598"
10/17/15,"4,255",0:03:29,78.95%,"3,615"
10/18/15,"4,755",0:03:48,80.16%,"4,120"
10/19/15,"6,536",0:03:26,81.17%,"5,649"
10/20/15,"6,149",0:03:45,81.90%,"5,352"
10/21/15,"6,069",0:03:32,80.16%,"5,188"
10/22/15,"5,861",0:03:42,80.49%,"5,032"
10/23/15,"5,201",0:04:04,81.05%,"4,529"
10/24/15,"3,890",0:03:36,79.06%,"3,283"
10/25/15,"4,607",0:03:31,79.25%,"3,882"
10/26/15,"6,669",0:03:43,79.77%,"5,719"
10/27/15,"15,025",0:03:40,83.72%,"12,976"
10/28/15,"11,464",0:03:51,83.18%,"9,924"
10/29/15,"9,628",0:04:03,82.28%,"8,366"
10/30/15,"7,091",0:03:54,81.32%,"6,206"
10/31/15,"4,939",0:03:40,80.19%,"4,229"
11/1/15,"5,752",0:03:27,81.38%,"4,948"
11/2/15,"7,784",0:03:27,81.07%,"6,684"
11/3/15,"7,477",0:03:40,81.40%,"6,367"
11/4/15,"6,937",0:03:44,81.93%,"5,987"
11/5/15,"6,748",0:03:45,81.27%,"5,867"
11/6/15,"5,858",0:03:54,81.35%,"5,060"
11/7/15,"4,728",0:03:36,79.51%,"4,010"
11/8/15,"5,432",0:03:20,79.48%,"4,584"
11/9/15,"6,847",0:04:01,80.52%,"5,878"
11/10/15,"6,345",0:03:55,82.48%,"5,541"
11/11/15,"6,360",0:03:42,82.42%,"5,544"
11/12/15,"6,257",0:03:46,81.98%,"5,412"
11/13/15,"5,341",0:03:58,81.45%,"4,641"
11/14/15,"4,187",0:03:33,79.28%,"3,599"
11/15/15,"4,829",0:03:42,80.40%,"4,205"
11/16/15,"7,054",0:03:28,80.68%,"6,141"
11/17/15,"7,116",0:03:21,80.69%,"6,189"
11/18/15,"6,895",0:03:34,81.96%,"5,991"
11/19/15,"6,831",0:03:40,81.54%,"5,943"
11/20/15,"5,996",0:04:05,80.58%,"5,179"
11/21/15,"4,553",0:03:36,80.04%,"3,854"
11/22/15,"5,622",0:03:46,77.81%,"4,758"
11/23/15,"7,119",0:03:41,81.69%,"6,186"
11/24/15,"6,933",0:03:38,81.62%,"6,055"
11/25/15,"6,779",0:03:26,81.17%,"5,681"
11/26/15,"5,924",0:03:42,80.59%,"5,039"
11/27/15,"5,070",0:03:47,80.82%,"4,409"
11/28/15,"4,197",0:03:45,81.40%,"3,681"
11/29/15,"5,100",0:03:23,80.68%,"4,351"
11/30/15,"8,856",0:03:29,81.33%,"7,671"
12/1/15,"7,978",0:03:25,80.57%,"6,857"
12/2/15,"7,260",0:03:35,82.64%,"6,340"
12/3/15,"8,587",0:03:56,80.80%,"7,406"
12/4/15,"6,742",0:03:35,80.94%,"5,838"
12/5/15,"4,801",0:04:06,79.23%,"4,127"
12/6/15,"5,215",0:04:08,81.41%,"4,504"
12/7/15,"7,264",0:03:53,82.11%,"6,346"
12/8/15,"6,889",0:03:37,82.57%,"6,009"
12/9/15,"6,797",0:03:35,83.09%,"6,004"
12/10/15,"6,673",0:04:11,82.17%,"5,851"
12/11/15,"5,740",0:03:41,81.75%,"4,999"
12/12/15,"4,068",0:03:51,80.58%,"3,501"
12/13/15,"4,955",0:03:58,80.24%,"4,276"
12/14/15,"7,226",0:03:49,81.36%,"6,260"
12/15/15,"7,343",0:03:53,82.09%,"6,382"
12/16/15,"6,895",0:03:33,80.92%,"5,991"
12/17/15,"6,383",0:03:36,80.88%,"5,559"
12/18/15,"5,567",0:03:47,81.01%,"4,801"
12/19/15,"4,304",0:03:36,79.25%,"3,684"
12/20/15,"5,078",0:03:40,79.56%,"4,326"
12/21/15,"6,739",0:03:48,81.93%,"5,887"
12/22/15,"6,495",0:03:43,81.66%,"5,596"
12/23/15,"6,119",0:03:32,79.31%,"5,152"
12/24/15,"4,402",0:03:28,80.74%,"3,829"
12/25/15,"3,721",0:03:22,79.95%,"3,167"
12/26/15,"3,706",0:03:24,79.89%,"3,157"
12/27/15,"5,105",0:03:24,77.57%,"4,347"
12/28/15,"5,880",0:03:28,80.39%,"5,890"
12/29/15,"6,703",0:03:34,80.31%,"5,789"
12/30/15,"5,846",0:03:34,79.87%,"5,075"
12/31/15,"4,061",0:03:30,80.34%,"3,503"
1/1/16,"4,051",0:03:27,79.15%,"3,388"
1/2/16,"4,826",0:03:26,78.87%,"4,045"
1/3/16,"5,281",0:03:29,79.83%,"4,502"
1/4/16,"7,210",0:03:37,80.81%,"6,243"
1/5/16,"7,021",0:03:49,81.58%,"6,083"
1/6/16,"7,982",0:03:43,81.48%,"6,917"
1/7/16,"8,162",0:03:33,81.49%,"7,074"
1/8/16,"6,398",0:03:53,81.49%,"5,578"
1/9/16,"4,781",0:03:54,79.54%,"4,073"
1/10/16,"5,512",0:03:40,79.92%,"4,708"
1/11/16,"7,801",0:03:33,81.81%,"6,814"
1/12/16,"7,633",0:03:58,82.04%,"6,620"
1/13/16,"7,624",0:03:49,81.90%,"6,604"
1/14/16,"7,597",0:03:48,82.36%,"6,563"
1/15/16,"6,787",0:03:43,81.09%,"5,800"
1/16/16,"5,090",0:03:29,79.97%,"4,372"
1/17/16,"5,867",0:03:41,80.70%,"4,996"
1/18/16,"8,235",0:03:16,82.77%,"6,825"
1/19/16,"8,382",0:03:44,81.55%,"7,217"
1/20/16,"7,852",0:03:54,81.39%,"6,721"
1/21/16,"8,593",0:03:34,79.94%,"7,495"
1/22/16,"7,802",0:03:17,79.08%,"6,761"
1/23/16,"5,200",0:03:40,79.60%,"4,473"
1/24/16,"5,778",0:03:59,80.42%,"4,953"
1/25/16,"7,739",0:03:46,82.38%,"6,663"
1/26/16,"7,932",0:03:52,81.73%,"6,899"
1/27/16,"7,878",0:04:03,83.04%,"6,918"
1/28/16,"7,488",0:04:08,82.88%,"6,556"
1/29/16,"6,637",0:03:45,81.56%,"5,748"
1/30/16,"5,101",0:04:09,80.30%,"4,342"
1/31/16,"5,911",0:03:49,81.35%,"5,051"
2/1/16,"7,854",0:04:07,82.95%,"6,883"
2/2/16,"8,191",0:03:56,81.75%,"7,058"
2/3/16,"7,945",0:03:55,82.33%,"6,870"
2/4/16,"7,757",0:04:06,82.23%,"6,710"
2/5/16,"6,766",0:03:51,81.52%,"5,919"
2/6/16,"5,414",0:03:32,79.42%,"4,575"
2/7/16,"5,254",0:03:36,81.12%,"4,536"
2/8/16,"7,881",0:03:44,81.05%,"6,801"
2/9/16,"7,911",0:04:09,81.90%,"6,828"
2/10/16,"7,882",0:04:27,82.14%,"6,818"
2/11/16,"7,656",0:03:57,81.84%,"6,670"
2/12/16,"6,702",0:04:01,81.92%,"5,863"
2/13/16,"4,901",0:03:55,79.20%,"4,231"
2/14/16,"5,629",0:04:20,80.00%,"4,777"
2/15/16,"7,913",0:04:14,82.13%,"6,913"
2/16/16,"8,606",0:03:48,81.78%,"7,397"
2/17/16,"8,511",0:03:56,82.29%,"7,377"
2/18/16,"8,288",0:03:51,81.87%,"7,185"
2/19/16,"6,971",0:04:06,82.82%,"6,100"
2/20/16,"5,642",0:04:00,80.61%,"4,873"
2/21/16,"7,541",0:03:31,78.80%,"6,453"
2/22/16,"10,319",0:04:01,82.88%,"9,047"
2/23/16,"9,329",0:04:04,82.47%,"8,153"
2/24/16,"9,705",0:03:40,79.71%,"8,308"
2/25/16,"9,427",0:03:43,82.03%,"8,159"
2/26/16,"7,334",0:03:58,82.22%,"6,399"
2/27/16,"5,937",0:04:08,80.83%,"5,078"
2/28/16,"6,508",0:03:46,81.36%,"5,618"
2/29/16,"8,473",0:04:06,82.05%,"7,412"
3/1/16,"8,539",0:03:57,82.09%,"7,334"
3/2/16,"8,952",0:03:56,83.08%,"7,822"
3/3/16,"8,589",0:04:06,81.92%,"7,425"
3/4/16,"7,408",0:03:51,81.03%,"6,290"
3/5/16,"5,625",0:04:13,79.64%,"4,807"
3/6/16,"6,571",0:04:11,79.82%,"5,602"
3/7/16,"8,446",0:04:18,82.41%,"7,392"
3/8/16,"8,521",0:04:08,81.94%,"7,400"
3/9/16,"9,103",0:03:46,81.90%,"7,924"
3/10/16,"9,319",0:03:55,82.24%,"8,100"
3/11/16,"7,189",0:03:55,82.89%,"6,287"
3/12/16,"5,356",0:04:01,81.58%,"4,678"
3/13/16,"5,743",0:04:02,80.78%,"4,939"
3/14/16,"8,329",0:03:55,82.38%,"7,216"
3/15/16,"8,300",0:04:00,83.60%,"7,240"
3/16/16,"8,329",0:04:16,83.49%,"7,232"
3/17/16,"8,049",0:04:22,82.83%,"7,033"
3/18/16,"7,118",0:04:14,82.33%,"6,209"
3/19/16,"5,335",0:03:51,81.71%,"4,516"
3/20/16,"6,011",0:04:04,80.76%,"5,164"
3/21/16,"10,203",0:03:21,79.19%,"8,813"
3/22/16,"8,684",0:03:51,82.38%,"7,615"
3/23/16,"8,129",0:04:32,82.25%,"7,043"
3/24/16,"7,827",0:04:05,81.23%,"6,652"
3/25/16,"6,485",0:04:04,82.02%,"5,565"
3/26/16,"5,542",0:03:59,80.24%,"4,663"
3/27/16,"5,641",0:03:42,80.76%,"4,810"
3/28/16,"15,030",0:03:56,86.45%,"13,395"
3/29/16,"10,090",0:04:18,83.27%,"8,872"
3/30/16,"8,891",0:04:10,82.89%,"7,768"
3/31/16,"9,186",0:03:52,82.38%,"8,033"
4/1/16,"7,899",0:04:04,83.19%,"6,880"
4/2/16,"5,788",0:04:02,82.35%,"4,997"
4/3/16,"6,443",0:04:07,82.17%,"5,613"
4/4/16,"8,732",0:04:28,83.37%,"7,673"
4/5/16,"8,617",0:03:52,83.42%,"7,587"
4/6/16,"8,512",0:04:29,83.35%,"7,463"
4/7/16,"8,582",0:04:01,83.50%,"7,544"
4/8/16,"7,397",0:04:07,83.23%,"6,443"
4/9/16,"5,552",0:04:07,79.97%,"4,815"
4/10/16,"6,025",0:04:22,81.47%,"5,197"
4/11/16,"8,769",0:04:10,83.21%,"7,673"
4/12/16,"8,566",0:04:15,83.61%,"7,532"
4/13/16,"8,952",0:03:56,82.71%,"7,866"
4/14/16,"7,580",0:04:12,84.07%,"7,590"
4/15/16,"7,596",0:04:11,82.27%,"6,590"
4/16/16,"5,388",0:04:07,82.42%,"4,719"
4/17/16,"6,744",0:03:47,82.64%,"5,828"
4/18/16,"9,299",0:04:18,83.30%,"8,121"
4/19/16,"8,892",0:04:12,82.96%,"7,769"
4/20/16,"8,553",0:03:45,83.04%,"7,474"
4/21/16,"8,080",0:04:34,83.98%,"7,119"
4/22/16,"7,156",0:04:24,82.50%,"6,199"
4/23/16,"5,603",0:04:12,80.75%,"4,780"
4/24/16,"5,951",0:03:59,82.24%,"5,174"
4/25/16,"8,549",0:03:48,83.30%,"7,444"
4/26/16,"8,856",0:04:24,83.05%,"7,722"
4/27/16,"8,537",0:04:09,82.64%,"7,436"
4/28/16,"8,335",0:04:16,81.22%,"7,143"
4/29/16,"6,951",0:04:07,83.55%,"6,079"
4/30/16,"5,033",0:03:49,80.95%,"4,282"
5/1/16,"5,772",0:04:04,81.13%,"4,892"
5/2/16,"7,970",0:04:31,83.22%,"6,952"
5/3/16,"8,145",0:04:15,83.49%,"7,127"
5/4/16,"8,066",0:04:09,83.07%,"7,090"
5/5/16,"7,761",0:04:12,82.89%,"6,837"
5/6/16,"7,090",0:04:03,82.61%,"6,200"
5/7/16,"4,980",0:04:00,82.19%,"4,324"
5/8/16,"5,470",0:04:06,80.88%,"4,654"
5/9/16,"8,505",0:04:19,82.57%,"7,363"
5/10/16,"9,462",0:04:06,82.65%,"8,191"
5/11/16,"8,958",0:04:05,82.79%,"7,766"
5/12/16,"8,624",0:03:51,83.26%,"7,566"
5/13/16,"7,557",0:04:12,83.08%,"6,583"
5/14/16,"5,237",0:04:31,81.44%,"4,470"
5/15/16,"6,798",0:03:45,81.74%,"5,899"
5/16/16,"9,344",0:04:16,82.62%,"8,179"
5/17/16,"8,965",0:04:27,82.35%,"7,873"
5/18/16,"8,446",0:04:17,82.91%,"7,404"
5/19/16,"8,196",0:04:24,83.68%,"7,190"
5/20/16,"7,870",0:04:08,83.21%,"6,866"
5/21/16,"5,758",0:03:54,82.69%,"4,963"
5/22/16,"6,232",0:04:00,82.10%,"5,413"
5/23/16,"10,000",0:04:20,82.16%,"8,677"
5/24/16,"10,656",0:04:04,82.70%,"9,305"
5/25/16,"9,577",0:04:03,82.68%,"8,323"
5/26/16,"9,338",0:03:57,82.84%,"8,064"
5/27/16,"7,827",0:04:16,82.18%,"6,830"
5/28/16,"5,263",0:04:07,80.42%,"4,544"
5/29/16,"5,970",0:04:14,82.15%,"5,167"
5/30/16,"8,567",0:03:13,82.45%,"7,074"
5/31/16,"8,986",0:04:06,82.81%,"7,854"
6/1/16,"8,708",0:04:14,82.99%,"7,549"
6/2/16,"9,126",0:04:24,83.05%,"8,017"
6/3/16,"7,649",0:04:06,83.16%,"6,697"
6/4/16,"5,537",0:03:55,79.81%,"4,709"
6/5/16,"5,973",0:03:56,81.46%,"5,180"
6/6/16,"8,940",0:04:08,83.64%,"7,839"
6/7/16,"8,962",0:04:23,83.02%,"7,861"
6/8/16,"8,874",0:04:06,82.78%,"7,786"
6/9/16,"8,537",0:04:27,82.11%,"7,487"
6/10/16,"10,646",0:03:57,85.05%,"9,304"
6/11/16,"6,527",0:03:53,83.31%,"5,638"
6/12/16,"6,533",0:03:53,81.49%,"5,599"
6/13/16,"9,045",0:04:12,83.29%,"7,919"
6/14/16,"8,942",0:04:19,83.35%,"7,752"
6/15/16,"8,769",0:04:21,82.81%,"7,609"
6/16/16,"8,814",0:04:18,82.45%,"7,639"
6/17/16,"7,801",0:04:10,82.29%,"6,754"
6/18/16,"5,844",0:04:00,80.82%,"4,970"
6/19/16,"6,111",0:03:56,82.29%,"5,359"
6/20/16,"9,780",0:04:10,83.47%,"8,616"
6/21/16,"9,602",0:04:19,83.22%,"8,407"
6/22/16,"9,413",0:04:10,82.80%,"8,239"
6/23/16,"8,716",0:04:42,82.75%,"7,577"
6/24/16,"7,266",0:04:32,83.38%,"6,324"
6/25/16,"5,044",0:04:17,82.80%,"4,418"
6/26/16,"5,877",0:04:43,82.42%,"5,120"
6/27/16,"9,932",0:04:08,82.35%,"8,568"
6/28/16,"9,484",0:04:26,82.44%,"8,226"
6/29/16,"9,306",0:04:07,83.42%,"8,057"
6/30/16,"8,385",0:04:23,82.58%,"7,341"
7/1/16,"7,194",0:04:19,83.04%,"6,277"
7/2/16,"4,968",0:04:16,82.08%,"4,288"
7/3/16,"5,725",0:04:04,82.67%,"5,022"
7/4/16,"7,842",0:04:30,84.39%,"6,901"
7/5/16,"8,990",0:04:30,83.43%,"7,842"
7/6/16,"9,002",0:04:06,84.17%,"8,003"
7/7/16,"9,427",0:04:03,84.07%,"8,325"
7/8/16,"8,244",0:04:01,83.54%,"7,268"
7/9/16,"5,173",0:04:19,81.90%,"4,491"
7/10/16,"6,163",0:04:18,82.38%,"5,369"
7/11/16,"9,582",0:04:11,83.98%,"8,476"
7/12/16,"9,454",0:04:06,84.15%,"8,316"
7/13/16,"9,121",0:04:41,83.68%,"8,015"
7/14/16,"9,111",0:04:25,83.21%,"7,890"
7/15/16,"7,451",0:04:12,83.32%,"6,576"
7/16/16,"5,212",0:04:19,81.84%,"4,511"
7/17/16,"6,453",0:04:18,82.67%,"5,628"
7/18/16,"9,396",0:04:03,83.59%,"8,210"
7/19/16,"9,495",0:04:20,83.29%,"8,253"
7/20/16,"9,241",0:04:16,82.30%,"7,999"
7/21/16,"9,073",0:04:26,82.88%,"7,966"
7/22/16,"7,973",0:04:17,82.38%,"6,940"
7/23/16,"5,419",0:03:48,81.13%,"4,614"
7/24/16,"5,981",0:04:02,82.11%,"5,195"
7/25/16,"9,292",0:04:23,83.46%,"8,166"
7/26/16,"9,683",0:03:56,83.62%,"8,430"
7/27/16,"9,489",0:04:11,83.40%,"8,272"
7/28/16,"9,239",0:04:08,82.62%,"8,033"
7/29/16,"7,571",0:04:19,83.20%,"6,601"
7/30/16,"5,385",0:04:12,81.66%,"4,671"
7/31/16,"6,056",0:04:15,82.16%,"5,172"
8/1/16,"9,574",0:04:07,83.14%,"8,268"
8/2/16,"9,338",0:04:04,83.48%,"8,192"
8/3/16,"9,392",0:04:11,83.38%,"8,205"
8/4/16,"9,464",0:04:02,84.25%,"8,294"
8/5/16,"7,653",0:04:31,83.38%,"6,718"
8/6/16,"5,248",0:04:15,81.95%,"4,517"
8/7/16,"6,046",0:03:56,81.89%,"5,201"
8/8/16,"10,050",0:04:21,84.70%,"8,795"
8/9/16,"9,307",0:04:28,83.95%,"8,130"
8/10/16,"8,856",0:04:26,84.42%,"7,829"
8/11/16,"8,796",0:04:31,83.49%,"7,717"
8/12/16,"7,460",0:04:38,84.21%,"6,555"
8/13/16,"5,273",0:03:41,83.16%,"4,590"
8/14/16,"5,516",0:04:17,81.86%,"4,772"
8/15/16,"8,456",0:04:13,83.41%,"7,383"
8/16/16,"8,827",0:04:13,84.37%,"7,805"
8/17/16,"9,119",0:04:19,83.53%,"7,899"
8/18/16,"8,798",0:04:13,83.17%,"7,683"
8/19/16,"7,548",0:04:14,83.52%,"6,632"
8/20/16,"5,336",0:04:16,82.84%,"4,623"
8/21/16,"6,669",0:04:07,82.19%,"5,793"
8/22/16,"9,338",0:04:20,83.24%,"8,195"
8/23/16,"9,311",0:04:06,83.45%,"8,111"
8/24/16,"12,271",0:04:21,85.34%,"10,857"
8/25/16,"9,538",0:04:30,84.31%,"8,357"
8/26/16,"8,211",0:04:37,83.47%,"7,207"
8/27/16,"5,720",0:03:56,81.89%,"4,916"
8/28/16,"6,216",0:04:09,83.31%,"5,484"
8/29/16,"10,307",0:04:06,82.24%,"8,903"
8/30/16,"9,708",0:04:07,83.87%,"8,541"
8/31/16,"10,021",0:04:02,83.03%,"8,797"
9/1/16,"9,659",0:04:07,83.49%,"8,441"
9/2/16,"7,961",0:03:55,83.23%,"6,985"
9/3/16,"5,400",0:04:07,81.32%,"4,663"
9/4/16,"6,295",0:04:00,81.42%,"5,438"
9/5/16,"8,431",0:04:14,82.07%,"7,350"
9/6/16,"10,011",0:04:06,82.92%,"8,827"
9/7/16,"9,766",0:04:12,82.82%,"8,540"
9/8/16,"9,174",0:04:13,84.46%,"8,131"
9/9/16,"8,112",0:04:02,83.25%,"7,149"
9/10/16,"5,803",0:04:34,82.70%,"5,084"
9/11/16,"6,216",0:04:03,82.96%,"5,420"
9/12/16,"9,518",0:04:24,83.24%,"8,294"
9/13/16,"9,511",0:03:52,82.86%,"8,251"
9/14/16,"9,229",0:04:39,84.08%,"8,156"
9/15/16,"9,234",0:04:25,82.80%,"7,972"
9/16/16,"8,251",0:04:25,82.31%,"7,197"
9/17/16,"6,030",0:04:30,82.62%,"5,244"
9/18/16,"6,654",0:04:35,81.59%,"5,758"
9/19/16,"9,752",0:04:15,84.02%,"8,591"
9/20/16,"10,231",0:04:09,83.72%,"8,963"
9/21/16,"9,964",0:04:30,83.86%,"8,748"
9/22/16,"9,822",0:04:22,83.39%,"8,602"
9/23/16,"8,367",0:03:49,84.56%,"7,378"
9/24/16,"6,335",0:03:27,81.43%,"4,984"
9/25/16,"6,695",0:04:18,81.73%,"5,788"
9/26/16,"9,967",0:04:27,84.17%,"8,756"
9/27/16,"9,910",0:04:13,83.95%,"8,732"
9/28/16,"10,194",0:04:12,83.08%,"8,781"
9/29/16,"9,838",0:04:21,84.32%,"8,670"
9/30/16,"8,243",0:04:10,83.86%,"7,282"
10/1/16,"5,853",0:04:36,82.38%,"5,105"
10/2/16,"6,445",0:04:18,82.19%,"5,594"
10/3/16,"9,777",0:04:30,83.16%,"8,508"
10/4/16,"10,058",0:04:48,83.99%,"8,827"
10/5/16,"9,943",0:04:31,83.49%,"8,601"
10/6/16,"9,652",0:04:21,83.84%,"8,383"
10/7/16,"8,304",0:04:21,83.31%,"7,151"
10/8/16,"6,003",0:04:55,81.00%,"5,145"
10/9/16,"6,587",0:04:22,82.83%,"5,756"
10/10/16,"9,350",0:04:04,84.10%,"8,189"
10/11/16,"9,629",0:03:57,82.92%,"8,372"
10/12/16,"9,719",0:04:34,83.44%,"8,545"
10/13/16,"10,002",0:04:09,83.55%,"8,671"
10/14/16,"8,358",0:04:30,83.09%,"7,242"
10/15/16,"5,970",0:04:20,81.86%,"5,183"
10/16/16,"6,968",0:03:48,81.23%,"6,006"
10/17/16,"9,963",0:04:30,83.56%,"8,772"
10/18/16,"10,222",0:04:38,82.77%,"8,946"
10/19/16,"9,949",0:04:07,83.53%,"8,765"
10/20/16,"9,566",0:04:30,83.73%,"8,441"
10/21/16,"8,480",0:04:45,83.22%,"7,432"
10/22/16,"6,310",0:04:20,81.90%,"5,529"
10/23/16,"6,818",0:04:22,82.35%,"5,907"
10/24/16,"10,816",0:04:10,84.06%,"9,563"
10/25/16,"10,655",0:04:26,83.86%,"9,372"
10/26/16,"10,073",0:04:07,83.34%,"8,876"
10/27/16,"9,439",0:04:30,83.69%,"8,313"
10/28/16,"8,236",0:04:31,83.28%,"7,223"
10/29/16,"5,541",0:04:40,82.84%,"4,843"
10/30/16,"7,171",0:03:26,81.62%,"5,745"
10/31/16,"9,446",0:04:18,83.50%,"8,239"
11/1/16,"9,947",0:04:09,81.87%,"8,691"
11/2/16,"10,080",0:04:28,82.85%,"8,848"
11/3/16,"10,025",0:04:13,83.15%,"8,799"
11/4/16,"8,786",0:04:08,83.32%,"7,710"
11/5/16,"7,162",0:04:10,82.67%,"6,195"
11/6/16,"7,718",0:04:29,82.83%,"6,702"
11/7/16,"10,307",0:04:41,83.75%,"9,070"
11/8/16,"9,523",0:04:19,84.04%,"8,386"
11/9/16,"9,366",0:04:20,83.19%,"8,220"
11/10/16,"9,617",0:04:42,83.46%,"8,398"
11/11/16,"8,222",0:04:13,83.22%,"7,173"
11/12/16,"6,396",0:04:23,82.55%,"5,526"
11/13/16,"7,329",0:04:15,82.74%,"6,373"
11/14/16,"10,245",0:04:25,83.99%,"9,025"
11/15/16,"10,145",0:04:01,82.66%,"8,713"
11/16/16,"9,918",0:04:30,83.40%,"8,701"
11/17/16,"9,614",0:04:23,84.08%,"8,500"
11/18/16,"8,537",0:04:03,84.38%,"7,503"
11/19/16,"6,927",0:04:19,83.97%,"6,073"
11/20/16,"8,186",0:03:59,84.35%,"7,132"
11/21/16,"10,574",0:04:19,84.82%,"9,360"
11/22/16,"10,125",0:04:17,83.73%,"8,863"
11/23/16,"9,582",0:03:49,83.88%,"8,351"
11/24/16,"8,048",0:04:38,83.49%,"7,072"
11/25/16,"7,987",0:03:53,80.56%,"6,845"
11/26/16,"6,309",0:04:11,82.12%,"5,454"
11/27/16,"7,197",0:03:57,81.87%,"6,245"
11/28/16,"10,115",0:04:08,83.62%,"8,841"
11/29/16,"10,577",0:03:42,81.45%,"9,133"
11/30/16,"9,851",0:03:55,80.11%,"8,391"
12/1/16,"10,160",0:03:49,80.29%,"8,695"
12/2/16,"9,176",0:03:41,80.55%,"7,840"
12/3/16,"6,630",0:04:17,81.35%,"5,723"
12/4/16,"7,168",0:04:35,82.84%,"6,289"
12/5/16,"10,273",0:04:12,82.49%,"8,903"
12/6/16,"10,400",0:04:22,82.24%,"9,033"
12/7/16,"9,976",0:04:23,82.77%,"8,705"
12/8/16,"9,500",0:04:22,82.97%,"8,288"
12/9/16,"8,165",0:04:39,82.42%,"7,126"
12/10/16,"5,971",0:03:53,82.67%,"5,126"
12/11/16,"6,745",0:04:09,82.49%,"5,835"
12/12/16,"10,258",0:04:31,83.61%,"8,979"
12/13/16,"10,251",0:03:52,81.82%,"8,819"
12/14/16,"10,385",0:04:02,80.34%,"8,898"
12/15/16,"9,939",0:04:05,83.10%,"8,726"
12/16/16,"8,038",0:04:16,83.09%,"7,012"
12/17/16,"6,632",0:03:18,80.09%,"5,238"
12/18/16,"6,575",0:04:17,83.08%,"5,761"
12/19/16,"9,964",0:03:50,83.07%,"8,254"
12/20/16,"9,895",0:04:11,82.76%,"8,661"
12/21/16,"10,033",0:03:55,81.34%,"8,762"
12/22/16,"8,755",0:04:11,81.95%,"7,585"
12/23/16,"6,844",0:03:51,81.92%,"5,952"
12/24/16,"5,035",0:03:58,80.45%,"4,299"
12/25/16,"5,148",0:04:32,80.21%,"4,471"
12/26/16,"7,247",0:04:13,82.40%,"6,312"
12/27/16,"8,412",0:04:07,82.48%,"7,274"
12/28/16,"8,778",0:04:27,82.91%,"7,764"
12/29/16,"8,170",0:04:10,82.75%,"7,124"
12/30/16,"6,645",0:04:22,81.57%,"5,752"
12/31/16,"4,337",0:04:24,82.19%,"3,744"
1/1/17,"5,271",0:04:22,81.53%,"4,596"
1/2/17,"8,550",0:03:59,81.77%,"7,457"
1/3/17,"9,900",0:04:36,83.78%,"8,712"
1/4/17,"10,227",0:03:50,83.10%,"8,869"
1/5/17,"9,650",0:04:29,83.67%,"8,480"
1/6/17,"8,282",0:04:04,83.73%,"7,263"
1/7/17,"6,586",0:04:04,81.52%,"5,676"
1/8/17,"7,211",0:04:37,81.68%,"6,231"
1/9/17,"10,115",0:04:23,83.13%,"8,900"
1/10/17,"10,406",0:04:13,84.38%,"9,196"
1/11/17,"10,187",0:04:31,84.15%,"9,017"
1/12/17,"10,549",0:03:55,83.55%,"8,943"
1/13/17,"8,663",0:04:18,83.23%,"7,552"
1/14/17,"6,498",0:04:28,81.50%,"5,622"
1/15/17,"7,454",0:04:19,83.49%,"6,502"
1/16/17,"10,148",0:04:25,83.44%,"8,913"
1/17/17,"10,690",0:04:30,84.19%,"9,410"
1/18/17,"10,517",0:04:37,84.10%,"9,294"
1/19/17,"10,169",0:04:18,83.21%,"8,922"
1/20/17,"9,053",0:04:20,83.68%,"7,963"
1/21/17,"6,823",0:04:45,82.49%,"5,936"
1/22/17,"7,347",0:04:33,83.15%,"6,376"
1/23/17,"13,361",0:04:14,84.31%,"11,779"
1/24/17,"11,585",0:04:10,83.68%,"10,167"
1/25/17,"10,544",0:03:42,84.47%,"9,008"
1/26/17,"9,916",0:04:36,84.15%,"8,725"
1/27/17,"8,641",0:04:12,83.46%,"7,600"
1/28/17,"6,415",0:03:52,82.99%,"5,520"
1/29/17,"7,315",0:04:16,83.11%,"6,412"
1/30/17,"10,045",0:04:07,84.51%,"8,860"
1/31/17,"10,383",0:04:14,83.92%,"9,179"
2/1/17,"10,609",0:04:25,84.32%,"9,217"
2/2/17,"10,459",0:04:14,83.55%,"9,187"
2/3/17,"9,183",0:04:07,83.51%,"8,060"
2/4/17,"7,060",0:04:18,83.22%,"6,149"
2/5/17,"7,681",0:04:22,83.35%,"6,773"
2/6/17,"10,897",0:04:25,84.07%,"9,620"
2/7/17,"10,743",0:04:21,84.23%,"9,480"
2/8/17,"10,529",0:04:10,83.77%,"9,229"
2/9/17,"10,370",0:04:33,84.59%,"9,158"
2/10/17,"8,764",0:04:25,83.46%,"7,664"
2/11/17,"6,312",0:04:25,82.14%,"5,472"
2/12/17,"7,624",0:04:31,83.40%,"6,706"
2/13/17,"10,131",0:04:32,84.53%,"8,949"
2/14/17,"9,703",0:04:39,84.74%,"8,634"
,,,,
2/15/17,"10,117",0:04:20,84.46%,"8,937"
2/16/17,"10,341",0:04:03,83.93%,"9,136"
2/17/17,"9,153",0:04:20,83.94%,"8,022"
2/18/17,"7,048",0:04:30,82.53%,"6,086"
2/19/17,"8,232",0:03:47,82.65%,"6,895"
2/20/17,"10,255",0:04:15,84.52%,"9,011"
2/21/17,"10,100",0:04:44,84.03%,"8,919"
2/22/17,"10,686",0:04:17,83.84%,"9,387"
2/23/17,"10,127",0:04:17,83.90%,"8,925"
2/24/17,"8,764",0:04:07,83.92%,"7,577"
2/25/17,"6,777",0:04:07,83.02%,"5,895"
2/26/17,"7,299",0:04:03,81.26%,"6,308"
2/27/17,"10,314",0:04:06,83.75%,"9,035"
2/28/17,"10,741",0:04:09,84.93%,"9,506"
3/1/17,"10,837",0:04:14,84.56%,"9,501"
3/2/17,"11,118",0:04:13,83.56%,"9,769"
3/3/17,"8,975",0:04:25,85.29%,"7,947"
3/4/17,"6,671",0:04:32,83.71%,"5,829"
3/5/17,"7,687",0:04:28,83.49%,"6,740"
3/6/17,"11,074",0:04:24,83.92%,"9,710"
3/7/17,"10,742",0:03:57,84.26%,"9,458"
3/8/17,"10,371",0:04:27,83.47%,"9,107"
3/9/17,"9,922",0:04:28,85.46%,"8,792"
3/10/17,"8,628",0:03:48,83.63%,"7,565"
3/11/17,"7,094",0:04:03,82.00%,"6,184"
3/12/17,"7,096",0:04:23,83.62%,"6,256"
3/13/17,"10,320",0:04:31,84.24%,"9,150"
3/14/17,"11,020",0:04:20,84.21%,"9,689"
3/15/17,"10,755",0:04:09,84.75%,"9,500"
3/16/17,"9,984",0:04:17,84.72%,"8,866"
3/17/17,"8,578",0:04:23,84.86%,"7,625"
3/18/17,"6,716",0:04:15,82.52%,"5,802"
3/19/17,"7,253",0:04:10,83.37%,"6,375"
3/20/17,"10,369",0:04:36,83.87%,"9,142"
3/21/17,"10,550",0:04:12,85.00%,"9,281"
3/22/17,"10,093",0:04:28,84.82%,"8,911"
3/23/17,"9,872",0:04:56,84.51%,"8,696"
3/24/17,"8,758",0:04:50,84.28%,"7,665"
3/25/17,"6,664",0:04:05,82.63%,"5,712"
3/26/17,"7,263",0:04:55,83.82%,"6,267"
3/27/17,"10,662",0:04:33,84.04%,"9,373"
3/28/17,"10,307",0:03:54,85.20%,"9,140"
3/29/17,"11,770",0:04:11,85.59%,"10,424"
3/30/17,"11,856",0:04:12,84.32%,"10,480"
3/31/17,"9,792",0:04:10,84.26%,"8,592"
4/1/17,"6,838",0:04:10,82.45%,"5,980"
4/2/17,"7,702",0:04:22,83.70%,"6,738"
4/3/17,"10,917",0:04:24,84.89%,"9,666"
4/4/17,"10,220",0:04:35,84.29%,"9,003"
4/5/17,"10,105",0:04:43,83.87%,"8,889"
4/6/17,"10,318",0:04:15,83.29%,"8,955"
4/7/17,"8,729",0:04:23,84.33%,"7,634"
4/8/17,"6,501",0:04:15,83.51%,"5,705"
4/9/17,"7,103",0:03:52,82.84%,"6,221"
4/10/17,"10,736",0:04:24,84.77%,"9,453"
4/11/17,"10,449",0:04:21,83.54%,"9,193"
4/12/17,"9,891",0:04:16,84.39%,"8,726"
4/13/17,"9,188",0:03:46,84.06%,"8,032"
4/14/17,"7,659",0:04:18,83.56%,"6,701"
4/15/17,"6,031",0:04:35,82.79%,"5,196"
4/16/17,"6,608",0:04:23,83.19%,"5,689"
4/17/17,"9,349",0:04:09,84.14%,"8,187"
4/18/17,"10,088",0:04:17,84.96%,"8,883"
4/19/17,"10,673",0:04:16,84.36%,"9,462"
4/20/17,"10,240",0:04:28,84.59%,"9,054"
4/21/17,"8,487",0:04:14,84.46%,"7,490"
4/22/17,"6,259",0:04:22,82.63%,"5,443"
4/23/17,"7,151",0:04:02,82.86%,"6,240"
4/24/17,"9,472",0:04:28,85.00%,"8,355"
4/25/17,"10,167",0:04:11,85.07%,"8,933"
4/26/17,"9,965",0:04:30,83.96%,"8,776"
4/27/17,"9,595",0:04:38,84.19%,"8,474"
4/28/17,"8,101",0:04:16,84.40%,"7,135"
4/29/17,"5,765",0:04:52,82.98%,"5,023"
4/30/17,"6,239",0:03:55,83.25%,"5,385"
5/1/17,"8,121",0:04:18,84.03%,"7,065"
5/2/17,"10,934",0:04:16,84.81%,"9,691"
5/3/17,"11,203",0:03:58,83.35%,"9,788"
5/4/17,"10,548",0:04:13,85.09%,"9,372"
5/5/17,"8,980",0:04:05,84.56%,"7,921"
5/6/17,"6,589",0:04:04,83.38%,"5,706"
5/7/17,"6,989",0:04:27,84.32%,"6,189"
5/8/17,"10,857",0:04:18,84.92%,"9,635"
5/9/17,"10,447",0:04:12,84.21%,"9,153"
5/10/17,"10,089",0:04:13,85.13%,"8,924"
5/11/17,"9,912",0:04:23,84.75%,"8,797"
5/12/17,"8,389",0:04:12,84.72%,"7,377"
5/13/17,"6,151",0:04:07,83.49%,"5,373"
5/14/17,"6,857",0:04:24,83.13%,"6,030"
5/15/17,"10,595",0:04:17,84.86%,"9,336"
5/16/17,"10,343",0:04:10,84.67%,"9,095"
5/17/17,"9,810",0:04:18,84.68%,"8,648"
5/18/17,"9,676",0:04:12,84.25%,"8,572"
5/19/17,"8,319",0:04:21,84.96%,"7,355"
5/20/17,"5,590",0:03:51,82.87%,"4,873"
5/21/17,"6,330",0:04:40,83.70%,"5,578"
5/22/17,"9,868",0:04:18,85.21%,"8,765"
5/23/17,"9,965",0:04:24,84.42%,"8,774"
5/24/17,"9,768",0:04:26,84.91%,"8,635"
5/25/17,"9,434",0:04:25,84.30%,"8,270"
5/26/17,"8,037",0:04:00,83.99%,"7,093"
5/27/17,"5,390",0:04:24,83.72%,"4,757"
5/28/17,"6,081",0:03:49,83.60%,"5,308"
5/29/17,"8,553",0:04:17,84.31%,"7,546"
5/30/17,"10,247",0:04:17,84.34%,"9,087"
5/31/17,"10,057",0:04:14,83.84%,"8,819"
6/1/17,"9,368",0:04:29,84.67%,"8,288"
6/2/17,"8,301",0:04:17,84.45%,"7,322"
6/3/17,"5,496",0:04:27,84.27%,"4,819"
6/4/17,"6,346",0:04:09,84.07%,"5,581"
6/5/17,"9,507",0:04:19,85.43%,"8,390"
6/6/17,"9,944",0:04:26,84.79%,"8,731"
6/7/17,"10,432",0:04:21,85.17%,"9,269"
6/8/17,"27,449",0:03:52,87.84%,"25,001"
6/9/17,"16,055",0:04:09,86.51%,"14,422"
6/10/17,"8,183",0:04:30,85.06%,"7,210"
6/11/17,"7,622",0:04:23,84.55%,"6,707"
6/12/17,"10,854",0:04:54,85.45%,"9,581"
6/13/17,"10,879",0:04:28,84.39%,"9,511"
6/14/17,"10,386",0:04:29,85.08%,"9,138"
6/15/17,"9,957",0:03:57,84.67%,"8,749"
6/16/17,"8,700",0:04:12,84.15%,"7,620"
6/17/17,"5,750",0:04:32,81.74%,"4,930"
6/18/17,"6,650",0:04:01,84.15%,"5,872"
6/19/17,"10,064",0:04:13,85.58%,"8,887"
6/20/17,"10,397",0:04:34,84.69%,"9,098"
6/21/17,"10,089",0:04:19,84.60%,"8,889"
6/22/17,"9,483",0:04:39,85.25%,"8,390"
6/23/17,"8,086",0:04:10,84.59%,"7,130"
6/24/17,"5,607",0:04:24,83.07%,"4,867"
6/25/17,"5,975",0:04:14,83.46%,"5,234"
6/26/17,"9,684",0:04:31,84.18%,"8,476"
6/27/17,"9,732",0:04:06,84.79%,"8,626"
6/28/17,"10,002",0:04:21,84.63%,"8,766"
6/29/17,"9,334",0:04:17,84.98%,"8,199"
6/30/17,"7,982",0:04:08,85.18%,"6,972"
7/1/17,"5,409",0:04:31,83.81%,"4,753"
7/2/17,"6,100",0:04:22,83.63%,"5,307"
7/3/17,"9,143",0:04:19,84.91%,"8,069"
7/4/17,"8,910",0:04:18,84.16%,"7,845"
7/5/17,"9,753",0:04:40,84.38%,"8,605"
7/6/17,"9,991",0:04:10,83.82%,"8,751"
7/7/17,"8,185",0:04:08,85.65%,"7,258"
7/8/17,"5,607",0:04:23,83.02%,"4,870"
7/9/17,"6,568",0:04:04,83.02%,"5,712"
7/10/17,"10,040",0:04:49,85.23%,"8,842"
7/11/17,"10,234",0:04:33,84.34%,"9,018"
7/12/17,"9,672",0:04:34,85.49%,"8,553"
7/13/17,"9,435",0:03:59,84.44%,"8,355"
7/14/17,"8,029",0:04:00,85.02%,"7,034"
7/15/17,"5,517",0:04:27,84.05%,"4,851"
7/16/17,"6,529",0:04:38,83.19%,"5,705"
7/17/17,"10,026",0:04:26,85.19%,"8,876"
7/18/17,"9,870",0:04:16,84.52%,"8,648"
7/19/17,"9,644",0:04:31,85.20%,"8,521"
7/20/17,"9,540",0:03:56,84.88%,"8,447"
7/21/17,"8,075",0:04:09,84.22%,"7,065"
7/22/17,"5,638",0:04:14,83.49%,"4,884"
7/23/17,"6,231",0:04:44,84.29%,"5,488"
7/24/17,"9,719",0:04:37,84.90%,"8,556"
7/25/17,"10,029",0:04:17,84.11%,"8,759"
7/26/17,"9,603",0:04:23,83.84%,"8,417"
7/27/17,"9,047",0:04:21,84.59%,"7,990"
7/28/17,"7,987",0:04:14,85.04%,"7,094"
7/29/17,"5,382",0:04:04,83.62%,"4,693"
7/30/17,"6,183",0:03:59,82.60%,"5,386"
7/31/17,"9,409",0:04:11,84.93%,"8,325"
8/1/17,"9,444",0:04:40,84.25%,"8,364"
8/2/17,"9,926",0:03:58,84.20%,"8,624"
8/3/17,"9,092",0:04:14,84.97%,"8,051"
8/4/17,"7,971",0:04:14,84.31%,"6,945"
8/5/17,"5,424",0:04:32,83.35%,"4,685"
8/6/17,"6,142",0:04:26,83.34%,"5,369"
8/7/17,"9,431",0:04:05,84.97%,"8,222"
8/8/17,"9,684",0:04:05,84.54%,"8,536"
8/9/17,"9,503",0:04:27,84.80%,"8,394"
8/10/17,"9,166",0:04:29,84.68%,"8,047"
8/11/17,"8,023",0:03:46,84.79%,"6,966"
8/12/17,"5,580",0:04:04,83.23%,"4,858"
8/13/17,"6,039",0:04:08,83.27%,"5,255"
8/14/17,"8,651",0:04:38,85.68%,"7,608"
8/15/17,"8,467",0:04:24,84.63%,"7,417"
8/16/17,"9,189",0:04:21,85.48%,"8,104"
8/17/17,"9,162",0:04:16,84.77%,"8,148"
8/18/17,"7,817",0:04:26,84.12%,"6,881"
8/19/17,"5,444",0:04:06,83.58%,"4,762"
8/20/17,"6,217",0:04:03,83.91%,"5,478"
8/21/17,"9,144",0:04:25,86.03%,"8,138"
8/22/17,"9,797",0:04:23,84.76%,"8,654"
8/23/17,"8,975",0:04:36,85.92%,"7,975"
8/24/17,"8,205",0:04:12,85.18%,"7,255"
8/25/17,"7,619",0:03:58,84.01%,"6,710"
8/26/17,"5,430",0:04:18,83.08%,"4,723"
8/27/17,"6,384",0:04:05,83.83%,"5,503"
8/28/17,"9,523",0:03:57,84.95%,"8,398"
8/29/17,"9,807",0:03:59,85.64%,"8,730"
8/30/17,"9,586",0:04:23,85.12%,"8,456"
8/31/17,"9,035",0:04:31,86.40%,"8,121"
9/1/17,"7,824",0:04:23,85.51%,"6,974"
9/2/17,"5,876",0:03:44,82.92%,"4,919"
9/3/17,"6,307",0:04:17,84.28%,"5,460"
9/4/17,"8,679",0:04:18,85.12%,"7,685"
9/5/17,"10,411",0:04:04,85.34%,"9,228"
9/6/17,"9,879",0:04:44,85.49%,"8,762"
9/7/17,"9,750",0:04:46,85.98%,"8,716"
9/8/17,"9,426",0:03:50,85.51%,"8,341"
9/9/17,"5,997",0:04:16,84.27%,"5,191"
9/10/17,"6,661",0:04:23,84.51%,"5,897"
9/11/17,"10,137",0:04:30,85.91%,"8,926"
9/12/17,"9,876",0:04:07,86.36%,"8,811"
9/13/17,"10,355",0:04:31,85.38%,"9,169"
9/14/17,"9,858",0:04:13,86.51%,"8,732"
9/15/17,"8,809",0:04:15,84.48%,"7,700"
9/16/17,"6,283",0:04:17,83.91%,"5,456"
9/17/17,"6,932",0:04:20,84.02%,"6,073"
9/18/17,"10,533",0:04:18,84.81%,"9,286"
9/19/17,"10,898",0:04:16,86.14%,"9,732"
9/20/17,"11,332",0:04:19,85.46%,"9,997"
9/21/17,"10,499",0:04:21,86.06%,"9,292"
9/22/17,"9,243",0:04:08,85.53%,"8,058"
9/23/17,"6,579",0:04:13,83.98%,"5,737"
9/24/17,"7,280",0:04:27,84.93%,"6,416"
9/25/17,"12,233",0:04:31,85.00%,"10,818"
9/26/17,"11,380",0:04:27,85.62%,"10,097"
9/27/17,"11,016",0:04:17,86.08%,"9,849"
9/28/17,"10,607",0:04:10,85.87%,"9,428"
9/29/17,"9,041",0:04:33,86.07%,"8,119"
9/30/17,"6,421",0:04:30,85.23%,"5,663"
10/1/17,"6,903",0:04:41,85.03%,"6,161"
10/2/17,"10,621",0:04:17,86.18%,"9,442"
10/3/17,"11,129",0:04:42,86.52%,"9,910"
10/4/17,"10,444",0:04:49,85.60%,"9,331"
10/5/17,"10,492",0:04:33,85.40%,"9,325"
10/6/17,"10,010",0:03:29,85.65%,"8,355"
10/7/17,"7,009",0:04:22,84.02%,"6,155"
10/8/17,"7,430",0:04:33,85.17%,"6,599"
10/9/17,"11,355",0:04:16,85.00%,"9,981"
10/10/17,"11,481",0:04:48,86.24%,"10,198"
10/11/17,"11,701",0:03:58,85.69%,"10,223"
10/12/17,"10,985",0:04:25,86.17%,"9,820"
10/13/17,"9,579",0:04:10,85.40%,"8,497"
10/14/17,"6,928",0:03:47,84.33%,"6,033"
10/15/17,"7,384",0:04:25,85.21%,"6,559"
10/16/17,"11,594",0:04:28,85.49%,"10,273"
10/17/17,"11,191",0:04:28,85.54%,"9,899"
10/18/17,"10,887",0:04:23,85.30%,"9,674"
10/19/17,"10,338",0:04:15,85.58%,"9,175"
10/20/17,"9,217",0:04:13,86.11%,"8,180"
10/21/17,"6,739",0:04:14,84.08%,"5,871"
10/22/17,"7,753",0:04:26,84.63%,"6,796"
10/23/17,"11,583",0:04:22,85.89%,"10,308"
10/24/17,"11,370",0:04:12,85.36%,"10,116"
10/25/17,"11,605",0:04:14,85.79%,"10,312"
10/26/17,"11,378",0:04:18,85.63%,"10,048"
10/27/17,"9,369",0:04:16,85.73%,"8,345"
10/28/17,"7,034",0:04:32,83.64%,"6,149"
10/29/17,"7,638",0:04:43,84.19%,"6,741"
10/30/17,"11,672",0:04:21,85.69%,"10,364"
10/31/17,"10,829",0:04:20,85.94%,"9,588"
11/1/17,"10,368",0:04:42,85.76%,"9,205"
11/2/17,"10,864",0:04:31,85.95%,"9,687"
11/3/17,"9,631",0:04:41,85.44%,"9,632"
11/4/17,"6,653",0:04:28,85.72%,"5,875"
11/5/17,"8,278",0:04:26,84.39%,"7,217"
11/6/17,"11,296",0:04:39,85.92%,"10,044"
11/7/17,"11,260",0:04:22,86.08%,"10,009"
11/8/17,"11,583",0:04:41,85.66%,"10,210"
11/9/17,"11,779",0:03:50,85.26%,"10,413"
11/10/17,"9,423",0:04:35,85.04%,"8,323"
11/11/17,"6,897",0:04:18,84.04%,"6,020"
11/12/17,"8,326",0:04:21,83.91%,"7,260"
11/13/17,"11,875",0:04:42,85.36%,"10,532"
11/14/17,"11,874",0:04:31,85.88%,"10,611"
11/15/17,"11,593",0:04:26,86.35%,"10,246"
11/16/17,"11,423",0:04:28,85.62%,"10,158"
11/17/17,"9,781",0:04:20,85.06%,"8,595"
11/18/17,"6,975",0:04:46,84.09%,"6,072"
11/19/17,"8,124",0:04:33,85.05%,"7,215"
11/20/17,"11,849",0:04:31,86.17%,"10,498"
11/21/17,"11,397",0:04:40,86.27%,"10,142"
11/22/17,"11,041",0:04:02,85.77%,"9,826"
11/23/17,"9,444",0:04:26,85.55%,"8,377"
11/24/17,"8,325",0:04:41,85.71%,"7,373"
11/25/17,"6,643",0:04:54,85.00%,"5,828"
11/26/17,"8,014",0:04:42,85.02%,"7,110"
11/27/17,"11,948",0:04:20,84.76%,"10,561"
11/28/17,"11,707",0:04:41,85.54%,"10,385"
11/29/17,"11,491",0:04:41,85.66%,"10,216"
11/30/17,"10,548",0:04:24,85.99%,"9,399"
12/1/17,"9,140",0:04:37,85.96%,"8,120"
12/2/17,"6,522",0:04:39,85.61%,"5,713"
12/3/17,"7,810",0:04:19,85.51%,"6,945"
12/4/17,"11,128",0:05:00,86.04%,"9,968"
12/5/17,"11,187",0:04:30,85.87%,"9,898"
12/6/17,"10,827",0:04:34,85.70%,"9,591"
12/7/17,"10,734",0:04:43,85.79%,"9,555"
12/8/17,"9,175",0:04:12,84.74%,"8,087"
12/9/17,"6,899",0:03:44,84.59%,"6,055"
12/10/17,"8,115",0:04:32,85.34%,"7,216"
12/11/17,"15,022",0:04:08,87.05%,"13,367"
12/12/17,"12,947",0:04:15,86.49%,"11,600"
,,,,